{
  "hb_003_01": {},
  "hb_003_02": {
    "0": {
      "line": [
        1603.2729113924051,
        513.1017721518988,
        1795.1756962025318,
        707.726582278481
      ],
      "point": [
        1640.020253164557,
        643.7589873417721
      ]
    }
  },
  "hb_003_03": {
    "0": {
      "line": [
        2191.2303797468353,
        826.1346835443038,
        2372.245063291139,
        943.1817721518987
      ],
      "point": [
        2227.9777215189874,
        900.9903797468354
      ]
    }
  },
  "hb_003_04": {
    "0": {
      "line": [
        1359.6516455696203,
        656.0081012658228,
        1486.2258227848101,
        658.7301265822784
      ],
      "point": [
        1403.2040506329115,
        680.506329113924
      ]
    }
  },
  "hb_003_fi": {}
}